省份,区站号,站名,纬度,经度
安徽,58015,砀山,34.45,116.33
安徽,58016,萧县,34.18,116.97
安徽,58102,亳州,33.87,115.77
安徽,58107,临泉,33.02,115.28
安徽,58108,界首,33.23,115.33
安徽,58109,太和,33.18,115.62
安徽,58112,天柱山,30.73,116.45
安徽,58113,濉溪,33.93,116.75
安徽,58114,涡阳,33.48,116.18
安徽,58116,淮北,33.98,116.83
安徽,58117,利辛,33.13,116.2
安徽,58118,蒙城,33.27,116.52
安徽,58122,宿州,33.63,116.98
安徽,58125,灵璧,33.58,117.52
安徽,58126,泗县,33.47,117.87
安徽,58127,怀远,32.98,117.2
安徽,58128,固镇,33.33,117.35
安徽,58129,五河,33.15,117.83
安徽,58202,阜南,32.67,115.57
安徽,58203,阜阳,32.87,115.73
安徽,58210,颍上,32.65,116.23
安徽,58212,凤台,32.72,116.77
安徽,58214,霍邱,32.33,116.28
安徽,58215,寿县,32.43,116.78
安徽,58220,长丰,32.47,117.15
安徽,58221,蚌埠,32.85,117.3
安徽,58222,凤阳,32.85,117.55
安徽,58223,明光,32.8,117.98
安徽,58224,淮南,32.65,117.02
安徽,58225,定远,32.53,117.67
安徽,58234,来安,32.47,118.42
安徽,58236,滁州,32.35,118.25
安徽,58240,天长,32.68,119.02
安徽,58306,金寨,31.68,115.88
安徽,58311,六安,31.73,116.5
安徽,58314,霍山,31.4,116.32
安徽,58316,舒城,31.47,116.92
安徽,58317,岳西,30.87,116.37
安徽,58319,桐城,31.07,116.95
安徽,58320,肥西,31.73,117.13
安徽,58321,合肥,31.78,117.3
安徽,58323,肥东,31.88,117.47
安徽,58326,巢湖,31.58,117.83
安徽,58327,庐江,31.27,117.28
安徽,58329,无为,31.33,117.87
安徽,58330,含山,31.75,118.08
安徽,58331,和县,31.73,118.37
安徽,58334,芜湖,31.38,118.37
安徽,58335,当涂,31.57,118.52
安徽,58336,马鞍山,31.7,118.57
安徽,58337,繁昌,31.08,118.18
安徽,58338,芜湖县,31.15,118.58
安徽,58417,宿松,30.17,116.13
安徽,58429,铜陵,30.98,117.85
安徽,58431,南陵,30.9,118.32
安徽,58432,泾县,30.68,118.4
安徽,58433,宣城,30.93,118.75
安徽,58435,旌德,30.3,118.53
安徽,58436,宁国,30.62,118.98
安徽,58437,黄山,30.13,118.15
安徽,58441,广德,30.87,119.42
安徽,58442,郎溪,31.17,119.18
安徽,58520,祁门,29.85,117.72
安徽,58523,黟县,29.93,117.93
安徽,58530,歙县,29.87,118.43
安徽,58531,屯溪,29.72,118.28
安徽,58534,休宁,29.78,118.18
北京,54398,顺义,40.13,116.62
北京,54399,海淀,39.98,116.28
北京,54406,延庆,40.45,115.97
北京,54416,密云,40.38,116.87
北京,54419,怀柔,40.37,116.63
北京,54421,密云上甸子,40.65,117.12
北京,54424,平谷,40.17,117.12
北京,54431,通州,39.92,116.63
北京,54433,朝阳,39.95,116.5
北京,54499,昌平,40.22,116.22
北京,54501,斋堂,39.97,115.68
北京,54505,门头沟,39.93,116.1
北京,54511,北京,39.8,116.47
北京,54513,石景山,39.95,116.2
北京,54514,丰台,39.87,116.25
北京,54594,大兴,39.72,116.35
北京,54596,房山,39.77,116.2
北京,54597,霞云岭,39.73,115.73
福建,58724,光泽,27.53,117.32
福建,58725,邵武,27.33,117.47
福建,58730,武夷山,27.77,118.03
福建,58731,浦城,27.92,118.53
福建,58734,建阳,27.33,118.12
福建,58735,松溪,27.52,118.75
福建,58736,政和,27.38,118.82
福建,58737,建瓯,27.05,118.32
福建,58744,寿宁,27.45,119.42
福建,58747,周宁,27.15,119.35
福建,58748,福安,27.1,119.65
福建,58749,柘荣,27.23,119.88
福建,58754,福鼎,27.33,120.2
福建,58818,宁化,26.23,116.63
福建,58819,清流,26.18,116.82
福建,58820,泰宁,26.9,117.17
福建,58822,建宁,26.83,116.85
福建,58823,顺昌,26.8,117.8
福建,58824,明溪,26.4,117.15
福建,58826,沙县,26.4,117.8
福建,58828,三明,26.27,117.62
福建,58836,古田,26.58,118.73
福建,58837,尤溪,26.15,118.15
福建,58839,闽清,26.23,118.85
福建,58843,霞浦,26.88,120.02
福建,58844,闽侯,26.15,119.15
福建,58845,罗源,26.5,119.53
福建,58846,宁德,26.67,119.52
福建,58847,福州,26.08,119.28
福建,58848,连江,26.2,119.55
福建,58850,三沙,26.92,120.23
福建,58911,长汀,25.85,116.37
福建,58917,武平,25.08,116.1
福建,58918,上杭,25.05,116.42
福建,58923,大田,25.7,117.83
福建,58926,漳平,25.3,117.42
福建,58927,龙岩,25.05,117.02
福建,58928,华安,25.02,117.53
福建,58929,安溪,25.07,118.15
福建,58931,九仙山,25.72,118.1
福建,58932,永泰,25.87,118.93
福建,58934,永春,25.33,118.27
福建,58935,德化,25.48,118.23
福建,58938,秀屿,25.23,118.98
福建,58941,长乐,25.97,119.5
福建,58942,福清,25.72,119.38
福建,58944,平潭,25.52,119.78
福建,58946,莆田,25.45,119.0
福建,59113,永定,24.73,116.72
福建,59122,长泰,24.62,117.75
福建,59124,南靖,24.52,117.38
福建,59125,平和,24.38,117.3
福建,59127,龙海,24.43,117.83
福建,59129,漳浦,24.13,117.6
福建,59130,同安,24.73,118.15
福建,59131,南安,24.97,118.37
福建,59133,崇武,24.9,118.92
福建,59134,厦门,24.48,118.07
福建,59320,诏安,23.75,117.13
福建,59322,云霄,23.98,117.37
甘肃,52323,马鬃山,41.8,97.03
甘肃,52515,肃北,39.52,94.87
甘肃,52533,酒泉,39.77,98.48
甘肃,52546,高台,39.37,99.83
甘肃,52557,临泽,39.15,100.17
甘肃,52643,肃南,38.83,99.62
甘肃,52652,张掖,39.08,100.28
甘肃,52656,民乐,38.43,100.82
甘肃,52674,永昌,38.23,101.97
甘肃,52679,武威,37.92,102.67
甘肃,52681,民勤,38.63,103.08
甘肃,52784,古浪,37.47,102.9
甘肃,52787,乌鞘岭,37.2,102.87
甘肃,52797,景泰,37.18,104.05
甘肃,52881,天祝,36.98,103.18
甘肃,52884,皋兰,36.35,103.95
甘肃,52885,永登,36.75,103.25
甘肃,52895,靖远,36.57,104.68
甘肃,52896,白银,36.55,104.15
甘肃,52978,夏河,35.2,102.52
甘肃,52980,永靖,35.97,103.3
甘肃,52981,东乡,35.68,103.38
甘肃,52982,广河,35.48,103.55
甘肃,52983,榆中,35.87,104.15
甘肃,52984,临夏,35.58,103.18
甘肃,52985,和政,35.42,103.33
甘肃,52986,临洮,35.37,103.87
甘肃,52988,康乐,35.37,103.72
甘肃,52993,会宁,35.68,105.07
甘肃,52995,安定,35.58,104.62
甘肃,52996,华家岭,35.38,105.02
甘肃,52998,渭源,35.13,104.2
甘肃,53821,环县,36.57,107.3
甘肃,53829,庆城,35.98,107.9
甘肃,53906,静宁,35.52,105.72
甘肃,53908,通渭,35.22,105.23
甘肃,53915,崆峒,35.55,106.67
甘肃,53917,庄浪,35.22,106.07
甘肃,53923,西峰,35.73,107.63
甘肃,53924,灵台,35.07,107.62
甘肃,53925,镇原,35.68,107.18
甘肃,53926,泾川,35.35,107.35
甘肃,53927,华亭,35.2,106.62
甘肃,53928,崇信,35.3,107.02
甘肃,53930,华池,36.45,107.98
甘肃,53934,合水,35.78,107.98
甘肃,53935,正宁,35.48,108.4
甘肃,53937,宁县,35.52,107.92
甘肃,56071,碌曲,34.58,102.5
甘肃,56074,玛曲,34.0,102.08
甘肃,56080,合作,35.0,102.9
甘肃,56081,临潭,34.7,103.35
甘肃,56082,卓尼,34.58,103.5
甘肃,56084,迭部,34.07,103.23
甘肃,56091,漳县,34.85,104.47
甘肃,56092,陇西,35.0,104.65
甘肃,56093,岷县,34.43,104.02
甘肃,56094,舟曲,33.78,104.37
甘肃,56095,宕昌,34.03,104.38
甘肃,56096,武都,33.4,104.92
甘肃,56192,文县,32.95,104.67
甘肃,57001,甘谷,34.75,105.33
甘肃,57002,秦安,34.85,105.65
甘肃,57004,武山,34.73,104.88
甘肃,57006,天水,34.58,105.75
甘肃,57007,礼县,34.18,105.18
甘肃,57008,西和,34.03,105.3
甘肃,57011,清水,34.75,106.15
甘肃,57012,张家川,34.98,106.2
甘肃,57014,麦积,34.57,105.87
甘肃,57102,成县,33.75,105.72
甘肃,57105,康县,33.33,105.6
甘肃,57110,徽县,33.78,106.08
甘肃,57111,两当,33.92,106.3
广东,57988,乐昌,25.15,113.35
广东,57989,仁化,25.07,113.77
广东,57996,南雄,25.08,114.25
广东,59071,连南,24.73,112.28
广东,59072,连州,24.8,112.37
广东,59074,连山,24.57,112.15
广东,59075,阳山,24.48,112.63
广东,59081,乳源,24.78,113.28
广东,59082,韶关,24.67,113.6
广东,59087,佛冈,23.88,113.52
广东,59088,英德,24.18,113.42
广东,59090,始兴,24.95,114.07
广东,59094,翁源,24.35,114.12
广东,59096,连平,24.37,114.48
广东,59097,新丰,24.05,114.2
广东,59099,和平,24.45,114.93
广东,59106,平远,24.58,115.9
广东,59107,龙川,24.12,115.28
广东,59109,兴宁,24.15,115.73
广东,59114,蕉岭,24.65,116.17
广东,59116,大埔,24.33,116.7
广东,59117,梅县,24.28,116.07
广东,59264,封开,23.4,111.5
广东,59268,郁南,23.25,111.53
广东,59269,德庆,23.17,111.78
广东,59270,怀集,23.92,112.18
广东,59271,广宁,23.63,112.43
广东,59276,四会,23.35,112.65
广东,59278,高要,23.03,112.45
广东,59279,三水,23.18,112.87
广东,59280,清远,23.72,113.08
广东,59284,花都,23.42,113.23
广东,59285,从化,23.57,113.6
广东,59287,广州,23.22,113.48
广东,59288,南海,23.15,113.02
广东,59289,东莞,22.97,113.73
广东,59290,龙门,23.78,114.25
广东,59293,河源,23.8,114.73
广东,59294,增城,23.33,113.83
广东,59297,博罗,23.18,114.28
广东,59298,惠阳,23.07,114.37
广东,59303,五华,23.92,115.75
广东,59304,紫金,23.63,115.18
广东,59306,揭西,23.45,115.85
广东,59310,丰顺,23.77,116.18
广东,59312,潮州,23.67,116.7
广东,59313,饶平,23.68,116.98
广东,59314,普宁,23.3,116.13
广东,59315,揭阳,23.58,116.4
广东,59316,汕头,23.4,116.68
广东,59317,惠来,23.03,116.3
广东,59318,潮阳,23.27,116.58
广东,59319,澄海,23.43,116.83
广东,59324,南澳,23.43,117.03
广东,59456,信宜,22.35,110.93
广东,59462,罗定,22.7,111.6
广东,59469,阳春,22.17,111.78
广东,59470,新兴,22.7,112.2
广东,59471,云浮,22.93,112.05
广东,59473,鹤山,22.77,112.97
广东,59475,开平,22.4,112.65
广东,59476,新会,22.53,113.03
广东,59477,恩平,22.27,112.23
广东,59478,台山,22.25,112.78
广东,59480,顺德,22.85,113.25
广东,59481,番禺,22.93,113.32
广东,59485,中山,22.5,113.4
广东,59487,斗门,22.23,113.3
广东,59488,珠海,22.28,113.57
广东,59492,惠东,22.97,114.73
广东,59493,深圳,22.53,114.0
广东,59500,海丰,22.97,115.32
广东,59501,汕尾,22.8,115.37
广东,59502,陆丰,22.95,115.65
广东,59650,遂溪,21.4,110.25
广东,59653,高州,21.93,110.85
广东,59654,廉江,21.63,110.3
广东,59655,化州,21.65,110.62
广东,59656,吴川,21.4,110.82
广东,59658,湛江,21.15,110.3
广东,59659,茂名,21.75,110.92
广东,59663,阳江,21.83,111.97
广东,59664,电白,21.53,110.98
广东,59673,上川岛,21.73,112.77
广东,59750,雷州,20.97,110.07
广东,59754,徐闻,20.33,110.18
广西,57859,资源,26.03,110.63
广西,57927,天峨,24.97,107.18
广西,57941,三江,25.78,109.6
广西,57942,龙胜,25.8,110.0
广西,57947,融安,25.22,109.4
广西,57948,融水,25.08,109.25
广西,57949,永福,24.98,110.0
广西,57954,临桂,25.23,110.18
广西,57955,兴安,25.62,110.67
广西,57956,灵川,25.42,110.32
广西,57957,桂林,25.32,110.3
广西,57960,全州,25.93,111.07
广西,57964,灌阳,25.5,111.15
广西,59001,隆林,24.78,105.33
广西,59004,西林,24.5,105.1
广西,59012,乐业,24.78,106.55
广西,59015,凌云,24.35,106.57
广西,59017,田林,24.27,106.27
广西,59021,凤山,24.55,107.03
广西,59023,河池,24.7,108.03
广西,59025,东兰,24.53,107.38
广西,59027,巴马,24.13,107.25
广西,59031,环江,24.82,108.27
广西,59034,宜州,24.48,108.67
广西,59037,都安,23.93,108.1
广西,59038,忻城,24.07,108.65
广西,59041,柳城,24.65,109.25
广西,59044,沙塘,24.47,109.38
广西,59045,鹿寨,24.48,109.75
广西,59046,柳州,24.35,109.4
广西,59047,柳江,24.25,109.33
广西,59052,恭城,24.83,110.82
广西,59053,平乐,24.62,110.67
广西,59055,荔浦,24.5,110.4
广西,59057,金秀,24.13,110.18
广西,59058,蒙山,24.2,110.52
广西,59059,昭平,24.18,110.8
广西,59065,贺州,24.42,111.5
广西,59209,那坡,23.42,105.83
广西,59211,百色,23.9,106.6
广西,59215,德保,23.33,106.63
广西,59218,靖西,23.13,106.42
广西,59224,田东,23.6,107.12
广西,59227,天等,23.12,107.13
广西,59228,平果,23.32,107.58
广西,59229,隆安,23.17,107.7
广西,59230,马山,23.72,108.17
广西,59235,上林,23.43,108.62
广西,59237,武鸣,23.17,108.28
广西,59238,宾阳,23.22,108.8
广西,59241,象州,23.97,109.68
广西,59242,来宾,23.75,109.23
广西,59246,武宣,23.6,109.67
广西,59255,平南,23.55,110.38
广西,59256,藤县,23.37,110.92
广西,59265,梧州,23.48,111.3
广西,59266,苍梧,23.42,111.23
广西,59419,凭祥,22.1,106.75
广西,59421,大新,22.83,107.2
广西,59429,上思,22.18,108.02
广西,59431,南宁,22.63,108.22
广西,59432,南宁城区,22.8,108.4
广西,59435,邕宁,22.77,108.48
广西,59441,横县,22.7,109.25
广西,59446,灵山,22.42,109.3
广西,59448,浦北,22.27,109.55
广西,59449,博白,22.3,109.98
广西,59451,北流,22.7,110.35
广西,59452,容县,22.83,110.53
广西,59454,岑溪,22.95,111.0
广西,59457,陆川,22.32,110.27
广西,59632,钦州,21.95,108.62
广西,59635,防城港,21.62,108.35
广西,59640,合浦,21.67,109.18
广西,59644,北海,21.45,109.13
贵州,56598,赫章,27.13,104.73
贵州,56691,威宁,26.87,104.28
贵州,56792,普安,25.78,104.97
贵州,56793,盘县,25.72,104.47
贵州,57606,桐梓,28.13,106.83
贵州,57623,道真,28.88,107.6
贵州,57625,正安,28.55,107.45
贵州,57634,务川,28.52,107.88
贵州,57636,沿河,28.57,108.5
贵州,57637,德江,28.25,108.1
贵州,57647,松桃,28.15,109.18
贵州,57707,毕节,27.3,105.28
贵州,57708,大方,27.15,105.6
贵州,57710,仁怀,27.8,106.4
贵州,57714,金沙,27.47,106.23
贵州,57717,遵义县,27.53,106.83
贵州,57718,息烽,27.1,106.72
贵州,57719,开阳,27.07,106.97
贵州,57722,湄潭,27.77,107.47
贵州,57723,凤冈,27.98,107.72
贵州,57728,瓮安,27.07,107.47
贵州,57729,余庆,27.23,107.88
贵州,57731,思南,27.95,108.25
贵州,57732,印江,28.02,108.4
贵州,57734,石阡,27.57,108.23
贵州,57735,岑巩,27.18,108.82
贵州,57736,江口,27.7,108.85
贵州,57737,施秉,27.03,108.12
贵州,57738,镇远,27.05,108.42
贵州,57739,玉屏,27.23,108.92
贵州,57741,铜仁,27.72,109.18
贵州,57742,万山,27.52,109.2
贵州,57800,纳雍,26.77,105.37
贵州,57803,黔西,27.03,106.02
贵州,57805,织金,26.68,105.77
贵州,57806,安顺,26.25,105.9
贵州,57807,六枝,26.2,105.47
贵州,57808,普定,26.32,105.75
贵州,57809,镇宁,26.07,105.75
贵州,57811,修文,26.83,106.6
贵州,57814,平坝,26.42,106.27
贵州,57816,贵阳,26.58,106.73
贵州,57821,福泉,26.7,107.5
贵州,57822,黄平,26.9,107.9
贵州,57824,贵定,26.58,107.23
贵州,57825,凯里,26.6,107.98
贵州,57827,都匀,26.32,107.53
贵州,57828,麻江,26.5,107.58
贵州,57829,丹寨,26.2,107.8
贵州,57832,三穗,26.97,108.67
贵州,57834,台江,26.68,108.3
贵州,57835,剑河,26.72,108.43
贵州,57837,雷山,26.4,108.07
贵州,57839,黎平,26.23,109.15
贵州,57840,天柱,26.9,109.2
贵州,57844,锦屏,26.68,109.18
贵州,57900,晴隆,25.83,105.22
贵州,57902,兴仁,25.43,105.18
贵州,57903,关岭,25.93,105.6
贵州,57905,贞丰,25.4,105.63
贵州,57906,望谟,25.18,106.08
贵州,57907,兴义,25.08,104.9
贵州,57908,安龙,25.12,105.48
贵州,57909,册亨,24.98,105.82
贵州,57910,紫云,25.77,106.08
贵州,57911,白云,26.67,106.65
贵州,57912,惠水,26.13,106.63
贵州,57913,龙里,26.45,106.98
贵州,57914,花溪,26.42,106.67
贵州,57915,乌当,26.63,106.77
贵州,57916,罗甸,25.43,106.77
贵州,57921,平塘,25.83,107.32
贵州,57922,独山,25.83,107.55
贵州,57923,三都,25.98,107.87
贵州,57926,荔波,25.42,107.88
贵州,57932,榕江,25.97,108.53
贵州,57936,从江,25.75,108.92
海南,59757,琼山,20.0,110.37
海南,59758,海口,20.0,110.25
海南,59838,东方,19.1,108.62
海南,59842,临高,19.9,109.68
海南,59843,澄迈,19.73,110.0
海南,59845,儋州,19.52,109.58
海南,59847,昌江,19.27,109.05
海南,59848,白沙,19.23,109.43
海南,59849,琼中,19.03,109.83
海南,59851,定安,19.67,110.33
海南,59854,屯昌,19.37,110.1
海南,59855,琼海,19.23,110.47
海南,59856,文昌,19.62,110.75
海南,59941,五指山,18.77,109.52
海南,59945,保亭,18.65,109.7
海南,59951,万宁,18.8,110.33
河北,53392,康保,41.85,114.6
河北,53397,尚义,41.1,113.98
河北,53399,张北,41.15,114.7
河北,53491,怀安,40.67,114.38
河北,53492,阳原,40.1,114.15
河北,53498,宣化,40.57,115.03
河北,53499,万全,40.77,114.73
河北,53593,蔚县,39.83,114.57
河北,53596,顺平,38.85,115.13
河北,53599,涞源,39.37,114.68
河北,53680,灵寿,38.3,114.38
河北,53682,曲阳,38.63,114.68
河北,53688,行唐,38.42,114.55
河北,53689,晋州,38.02,115.07
河北,53690,阜平,38.85,114.18
河北,53691,正定,38.15,114.57
河北,53692,唐县,38.73,114.98
河北,53693,井陉,38.03,114.13
河北,53694,平山,38.27,114.22
河北,53695,新乐,38.35,114.68
河北,53696,定州,38.55,115.02
河北,53697,藁城,38.03,114.83
河北,53699,无极,38.18,114.95
河北,53773,临漳,36.33,114.62
河北,53781,沙河,36.87,114.47
河北,53784,赵县,37.75,114.78
河北,53785,柏乡,37.52,114.67
河北,53789,栾城,37.88,114.63
河北,53790,高邑,37.63,114.6
河北,53791,元氏,37.77,114.52
河北,53792,临城,37.45,114.48
河北,53794,隆尧,37.35,114.75
河北,53795,赞皇,37.65,114.37
河北,53796,宁晋,37.62,114.88
河北,53797,内邱,37.28,114.52
河北,53798,邢台,37.07,114.5
河北,53799,巨鹿,37.23,114.98
河北,53883,任县,37.13,114.7
河北,53886,涉县,36.57,113.67
河北,53890,武安,36.67,114.1
河北,53891,南和,37.02,114.68
河北,53892,邯郸,36.62,114.47
河北,53893,曲周,36.77,114.95
河北,53894,峰峰,36.4,114.2
河北,53895,永年,36.78,114.5
河北,53896,魏县,36.35,114.95
河北,53897,磁县,36.38,114.38
河北,53899,广平,36.48,114.97
河北,53980,肥乡,36.55,114.8
河北,53996,成安,36.45,114.65
河北,54301,沽源,41.67,115.67
河北,54304,崇礼,40.95,115.27
河北,54308,丰宁,41.2,116.63
河北,54311,围场,41.97,117.77
河北,54318,隆化,41.32,117.73
河北,54319,平泉,41.0,118.67
河北,54401,张家口,40.77,114.92
河北,54404,赤城,40.88,115.83
河北,54405,怀来,40.42,115.5
河北,54408,涿鹿,40.38,115.22
河北,54420,滦平,40.93,117.33
河北,54423,承德,40.97,117.92
河北,54425,兴隆,40.4,117.47
河北,54429,遵化,40.2,117.95
河北,54430,承德县,40.77,118.15
河北,54432,宽城,40.6,118.48
河北,54434,迁西,40.17,118.33
河北,54436,青龙,40.42,118.95
河北,54437,滦南,39.5,118.62
河北,54438,卢龙,39.88,118.88
河北,54439,迁安,40.02,118.72
河北,54449,秦皇岛,39.85,119.52
河北,54502,涿州,39.48,116.03
河北,54503,容城,39.07,115.82
河北,54506,高碑店,39.32,115.95
河北,54507,易县,39.33,115.52
河北,54510,大厂,39.92,116.95
河北,54512,固安,39.42,116.28
河北,54515,廊坊,39.5,116.7
河北,54518,霸州,39.17,116.4
河北,54519,永清,39.3,116.48
河北,54520,三河,39.97,117.08
河北,54521,香河,39.77,116.98
河北,54522,玉田,39.88,117.73
河北,54531,滦县,39.73,118.72
河北,54532,丰润,39.8,118.08
河北,54533,丰南,39.58,118.1
河北,54534,唐山,39.65,118.1
河北,54535,曹妃甸,39.28,118.47
河北,54539,乐亭,39.43,118.88
河北,54540,昌黎,39.73,119.2
河北,54541,抚宁,39.9,119.23
河北,54601,徐水,38.98,115.65
河北,54602,保定,38.73,115.48
河北,54603,高阳,38.72,115.77
河北,54604,安国,38.42,115.33
河北,54605,安新,38.93,115.93
河北,54606,饶阳,38.23,115.73
河北,54607,望都,38.72,115.12
河北,54608,深州,38.0,115.55
河北,54609,安平,38.23,115.58
河北,54610,任丘,38.73,116.1
河北,54611,满城,38.93,115.32
河北,54612,文安,38.85,116.45
河北,54613,大城,38.7,116.62
河北,54614,河间,38.42,116.05
河北,54615,青县,38.58,116.85
河北,54616,沧州,38.35,116.85
河北,54617,献县,38.18,116.12
河北,54618,泊头,38.08,116.55
河北,54620,蠡县,38.48,115.57
河北,54621,深泽,38.18,115.18
河北,54624,黄骅,38.4,117.32
河北,54626,肃宁,38.42,115.82
河北,54627,盐山,38.03,117.23
河北,54628,海兴,38.15,117.48
河北,54631,广宗,37.07,115.15
河北,54632,平乡,37.07,115.03
河北,54633,新河,37.52,115.23
河北,54636,雄县,39.02,116.1
河北,54640,鸡泽,36.92,114.87
河北,54644,孟村,38.05,117.12
河北,54700,武强,38.03,115.93
河北,54701,辛集,37.93,115.2
河北,54702,衡水,37.73,115.7
河北,54703,武邑,37.8,115.88
河北,54704,冀州,37.52,115.57
河北,54705,南宫,37.37,115.38
河北,54706,清河,37.08,115.67
河北,54707,故城,37.35,115.98
河北,54708,枣强,37.5,115.73
河北,54710,阜城,37.87,116.17
河北,54711,景县,37.7,116.28
河北,54713,东光,37.88,116.53
河北,54717,吴桥,37.63,116.4
河北,54719,南皮,38.03,116.68
河北,54800,威县,37.0,115.25
河北,54801,临西,36.85,115.48
河北,54804,大名,36.3,115.13
河北,54809,馆陶,36.55,115.28
河北,54820,邱县,36.82,115.17
河南,53889,林州,36.07,113.82
河南,53898,安阳,36.05,114.13
河南,53972,沁阳,35.05,112.9
河南,53974,淇县,35.62,114.23
河南,53978,济源,35.08,112.63
河南,53979,博爱,35.15,113.08
河南,53982,焦作,35.23,113.27
河南,53983,封丘,35.03,114.42
河南,53984,修武,35.23,113.47
河南,53985,辉县,35.5,113.82
河南,53986,新乡,35.32,113.88
河南,53987,武陟,35.1,113.35
河南,53989,原阳,35.08,113.98
河南,53988,获嘉,35.27,113.67
河南,53991,汤阴,35.92,114.33
河南,53992,浚县,35.65,114.52
河南,53993,内黄,35.93,114.92
河南,53994,卫辉,35.38,114.07
河南,53995,滑县,35.55,114.5
河南,53997,延津,35.15,114.18
河南,53998,长垣,35.2,114.65
河南,54817,台前,35.98,115.87
河南,54900,濮阳,35.7,115.02
河南,54901,南乐,36.08,115.17
河南,54902,清丰,35.9,115.12
河南,54903,范县,35.85,115.48
河南,57051,三门峡,34.8,111.2
河南,57056,灵宝,34.53,110.85
河南,57063,渑池,34.77,111.77
河南,57066,洛宁,34.4,111.67
河南,57070,新安,34.73,112.12
河南,57071,孟津,34.82,112.43
河南,57072,孟州,34.92,112.75
河南,57074,伊川,34.42,112.4
河南,57075,汝州,34.17,112.87
河南,57076,偃师,34.73,112.78
河南,57078,汝阳,34.15,112.47
河南,57079,温县,34.95,113.03
河南,57080,巩义,34.73,112.97
河南,57081,荥阳,34.8,113.43
河南,57082,登封,34.47,113.02
河南,57083,郑州,34.72,113.65
河南,57084,嵩山,34.5,113.05
河南,57085,新密,34.53,113.33
河南,57086,新郑,34.38,113.72
河南,57087,长葛,34.27,113.73
河南,57088,禹州,34.15,113.5
河南,57089,许昌,34.07,113.93
河南,57090,中牟,34.72,113.97
河南,57091,开封,34.78,114.3
河南,57093,兰考,34.85,114.82
河南,57094,尉氏,34.4,114.22
河南,57095,鄢陵,34.12,114.15
河南,57096,杞县,34.53,114.78
河南,57098,扶沟,34.08,114.4
河南,57099,太康,34.07,114.85
河南,57156,西峡,33.3,111.5
河南,57162,嵩县,34.13,112.07
河南,57169,内乡,33.05,111.87
河南,57173,鲁山,33.75,112.88
河南,57175,镇平,33.05,112.23
河南,57176,南召,33.48,112.42
河南,57177,舞钢,33.33,113.53
河南,57178,南阳,33.1,112.48
河南,57179,方城,33.28,113.0
河南,57180,郏县,33.98,113.2
河南,57181,宝丰,33.88,113.05
河南,57182,襄城,33.85,113.52
河南,57183,临颍,33.8,113.92
河南,57184,叶县,33.63,113.3
河南,57185,舞阳,33.45,113.58
河南,57186,漯河,33.6,114.05
河南,57187,社旗,33.07,112.93
河南,57188,西平,33.37,114.03
河南,57189,遂平,33.13,113.95
河南,57190,黄泛区农试站,33.75,114.4
河南,57191,通许,34.48,114.48
河南,57192,淮阳,33.73,114.85
河南,57193,西华,33.78,114.52
河南,57194,上蔡,33.28,114.27
河南,57195,川汇区,33.62,114.62
河南,57196,项城,33.47,114.87
河南,57197,汝南,32.97,114.35
河南,57198,商水,33.5,114.57
河南,57261,淅川,33.12,111.52
河南,57271,新野,32.52,112.38
河南,57273,唐河,32.68,112.85
河南,57274,邓州,32.7,112.12
河南,57281,泌阳,32.7,113.3
河南,57285,桐柏,32.38,113.42
河南,57290,驻马店,32.93,113.92
河南,57292,平舆,32.97,114.63
河南,57293,新蔡,32.73,114.98
河南,57294,确山,32.83,114.02
河南,57295,正阳,32.62,114.35
河南,57296,息县,32.35,114.73
河南,57297,信阳,32.13,114.05
河南,57298,罗山,32.22,114.55
河南,57299,光山,32.02,114.9
河南,57390,鸡公山,31.8,114.07
河南,57396,新县,31.63,114.85
河南,58001,睢县,34.43,115.1
河南,58004,民权,34.65,115.15
河南,58005,商丘,34.45,115.67
河南,58006,虞城,34.38,115.88
河南,58007,柘城,34.07,115.3
河南,58008,宁陵,34.47,115.33
河南,58017,夏邑,34.25,116.13
河南,58100,郸城,33.65,115.17
河南,58101,鹿邑,33.87,115.48
河南,58104,沈丘,33.4,115.07
河南,58111,永城,33.97,116.45
河南,58205,淮滨,32.47,115.43
河南,58207,潢川,32.17,115.05
河南,58208,固始,32.17,115.62
河南,58301,商城,31.82,115.38
黑龙江,50136,漠河,52.97,122.52
黑龙江,50137,北极村,53.47,122.37
黑龙江,50246,塔河,52.35,124.72
黑龙江,50247,呼中,52.03,123.57
黑龙江,50349,新林,51.67,124.4
黑龙江,50353,呼玛,51.73,126.63
黑龙江,50442,加格达奇,50.4,124.12
黑龙江,50468,爱辉,50.25,127.45
黑龙江,50557,嫩江,49.17,125.23
黑龙江,50564,孙吴,49.43,127.35
黑龙江,50566,逊克,49.55,128.47
黑龙江,50646,讷河,48.48,124.85
黑龙江,50655,五大连池,48.5,126.18
黑龙江,50656,北安,48.25,126.5
黑龙江,50658,克山,48.05,125.88
黑龙江,50659,克东,48.03,126.25
黑龙江,50673,嘉荫,48.88,130.4
黑龙江,50674,乌伊岭,48.57,129.43
黑龙江,50739,龙江,47.33,123.18
黑龙江,50741,甘南,47.93,123.5
黑龙江,50742,富裕,47.8,124.48
黑龙江,50745,齐齐哈尔,47.38,123.92
黑龙江,50749,林甸,47.18,124.83
黑龙江,50750,依安,47.9,125.3
黑龙江,50755,拜泉,47.6,126.1
黑龙江,50756,海伦,47.45,126.97
黑龙江,50758,明水,47.18,125.9
黑龙江,50767,绥棱,47.23,127.1
黑龙江,50772,五营,48.1,129.23
黑龙江,50774,伊春,47.7,128.83
黑龙江,50775,鹤岗,47.33,130.2
黑龙江,50776,萝北,47.57,130.83
黑龙江,50778,同江,47.67,132.53
黑龙江,50779,抚远,48.37,134.28
黑龙江,50787,绥滨,47.32,131.83
黑龙江,50788,富锦,47.23,131.98
黑龙江,50842,杜蒙,46.83,124.42
黑龙江,50844,泰来,46.4,123.45
黑龙江,50850,大庆,46.57,125.13
黑龙江,50851,青冈,46.68,126.08
黑龙江,50852,望奎,46.83,126.45
黑龙江,50853,北林,46.62,126.97
黑龙江,50854,安达,46.38,125.32
黑龙江,50858,肇东,46.07,125.93
黑龙江,50859,兰西,46.28,126.28
黑龙江,50861,庆安,46.88,127.48
黑龙江,50862,铁力,46.98,127.98
黑龙江,50867,巴彦,46.08,127.35
黑龙江,50871,汤原,46.73,129.88
黑龙江,50873,佳木斯,46.78,130.3
黑龙江,50877,依兰,46.3,129.58
黑龙江,50878,桦川,47.0,130.72
黑龙江,50879,桦南,46.22,130.55
黑龙江,50880,集贤,46.73,131.12
黑龙江,50884,双鸭山,46.63,131.15
黑龙江,50888,宝清,46.32,132.18
黑龙江,50892,饶河,46.8,134.0
黑龙江,50950,肇州,45.7,125.25
黑龙江,50953,哈尔滨,45.93,126.57
黑龙江,50954,肇源,45.5,125.08
黑龙江,50956,呼兰,46.08,126.77
黑龙江,50958,阿城,45.53,126.93
黑龙江,50960,宾县,45.73,127.38
黑龙江,50962,木兰,45.95,128.03
黑龙江,50963,通河,45.97,128.73
黑龙江,50964,方正,45.83,128.8
黑龙江,50965,延寿,45.43,128.27
黑龙江,50968,尚志,45.22,127.97
黑龙江,50971,七台河,45.77,131.02
黑龙江,50973,勃利,45.75,130.6
黑龙江,50978,鸡西,45.3,130.92
黑龙江,50979,林口,45.27,130.23
黑龙江,50983,虎林,45.77,132.97
黑龙江,50985,密山,45.55,131.87
黑龙江,50987,鸡东,45.27,131.1
黑龙江,54080,五常,44.9,127.15
黑龙江,54092,海林,44.6,129.4
黑龙江,54093,穆棱,44.93,130.55
黑龙江,54094,牡丹江,44.5,129.67
黑龙江,54096,绥芬河,44.38,131.17
黑龙江,54098,宁安,44.33,129.47
黑龙江,54099,东宁,44.08,131.13
湖北,57249,竹溪,32.32,109.68
湖北,57251,郧西,33.0,110.42
湖北,57253,郧县,32.85,110.82
湖北,57256,十堰,32.65,110.78
湖北,57257,竹山,32.23,110.23
湖北,57259,房县,32.05,110.75
湖北,57260,丹江口,32.57,111.52
湖北,57265,老河口,32.43,111.73
湖北,57268,谷城,32.27,111.62
湖北,57278,襄阳,32.0,112.08
湖北,57279,枣阳,32.15,112.75
湖北,57355,巴东,31.03,110.37
湖北,57359,兴山,31.35,110.73
湖北,57361,保康,31.88,111.27
湖北,57362,神农架,31.75,110.67
湖北,57363,南漳,31.8,111.83
湖北,57370,宜城,31.73,112.22
湖北,57377,荆门,31.0,112.22
湖北,57378,钟祥,31.17,112.57
湖北,57381,随州,31.62,113.33
湖北,57386,孝昌,31.25,114.0
湖北,57387,京山,31.0,113.13
湖北,57388,安陆,31.27,113.7
湖北,57389,云梦,31.03,113.75
湖北,57395,大悟,31.57,114.12
湖北,57398,红安,31.28,114.62
湖北,57399,麻城,31.13,114.95
湖北,57439,利川,30.28,108.93
湖北,57445,建始,30.6,109.72
湖北,57447,恩施,30.28,109.47
湖北,57453,夷陵区,30.77,111.32
湖北,57458,五峰,30.2,110.67
湖北,57461,宜昌,30.73,111.37
湖北,57464,长阳,30.47,111.18
湖北,57465,宜都,30.38,111.45
湖北,57469,松滋,30.18,111.77
湖北,57475,潜江,30.4,112.9
湖北,57476,荆州,30.35,112.15
湖北,57477,公安,30.07,112.22
湖北,57481,应城,30.95,113.57
湖北,57482,孝感,30.9,113.95
湖北,57483,天门,30.67,113.13
湖北,57484,沙洋,30.73,112.55
湖北,57485,仙桃,30.3,113.48
湖北,57486,汉川,30.65,113.85
湖北,57489,蔡甸,30.58,114.0
湖北,57492,新洲,30.83,114.83
湖北,57494,武汉,30.6,114.05
湖北,57495,团风,30.67,114.88
湖北,57496,鄂州,30.37,114.87
湖北,57498,黄冈,30.43,114.9
湖北,57499,大冶,30.07,114.88
湖北,57540,咸丰,29.68,109.15
湖北,57541,宣恩,30.0,109.48
湖北,57543,鹤峰,29.9,110.03
湖北,57545,来凤,29.53,109.42
湖北,57571,石首,29.7,112.4
湖北,57573,监利,29.83,112.9
湖北,57581,洪湖,29.82,113.45
湖北,57582,赤壁,29.72,113.88
湖北,57583,嘉鱼,29.92,113.97
湖北,57586,崇阳,29.53,114.03
湖北,57589,通城,29.27,113.88
湖北,57590,咸宁,29.85,114.37
湖北,57596,金沙,29.63,114.2
湖北,58401,罗田,30.75,115.4
湖北,58402,英山,30.73,115.67
湖北,58404,浠水,30.47,115.22
湖北,58408,蕲春,30.23,115.43
湖北,58409,黄梅,30.1,115.93
湖北,58500,阳新,29.85,115.2
湖北,58501,武穴,29.92,115.63
湖南,57544,龙山,29.47,109.45
湖南,57554,桑植,29.4,110.17
湖南,57558,张家界,29.13,110.47
湖南,57562,石门,29.58,111.37
湖南,57564,慈利,29.43,111.13
湖南,57565,澧县,29.67,111.73
湖南,57566,临澧,29.45,111.65
湖南,57574,南县,29.37,112.4
湖南,57575,华容,29.52,112.57
湖南,57577,安乡,29.4,112.17
湖南,57584,岳阳,29.38,113.08
湖南,57585,临湘,29.48,113.45
湖南,57640,花垣,28.58,109.45
湖南,57642,保靖,28.7,109.63
湖南,57643,永顺,29.0,109.83
湖南,57646,古丈,28.62,109.95
湖南,57649,吉首,28.23,109.68
湖南,57655,沅陵,28.47,110.4
湖南,57657,泸溪,28.22,110.2
湖南,57658,辰溪,28.02,110.2
湖南,57661,桃源,28.92,111.48
湖南,57662,常德,29.12,111.68
湖南,57663,汉寿,28.92,111.95
湖南,57666,桃江,28.52,112.13
湖南,57669,安化,28.38,111.22
湖南,57671,沅江,28.85,112.37
湖南,57673,湘阴,28.68,112.88
湖南,57674,赫山,28.57,112.38
湖南,57678,宁乡,28.25,112.55
湖南,57679,马坡岭,28.12,112.78
湖南,57680,汨罗,28.8,113.07
湖南,57682,平江,28.72,113.57
湖南,57687,长沙,28.22,112.92
湖南,57688,浏阳,28.15,113.63
湖南,57740,凤凰,27.95,109.6
湖南,57743,麻阳,27.88,109.8
湖南,57744,新晃,27.37,109.17
湖南,57745,芷江,27.45,109.68
湖南,57752,溆浦,27.92,110.6
湖南,57754,洪江,27.35,110.15
湖南,57760,冷水江,27.7,111.43
湖南,57761,新化,27.75,111.3
湖南,57762,涟源,27.68,111.7
湖南,57763,娄底,27.68,112.0
湖南,57771,韶山,27.93,112.53
湖南,57772,湘乡,27.75,112.5
湖南,57773,湘潭,27.87,112.82
湖南,57774,双峰,27.45,112.17
湖南,57776,南岳,27.3,112.7
湖南,57777,衡山,27.23,112.87
湖南,57778,衡东,27.1,112.95
湖南,57779,攸县,27.0,113.35
湖南,57780,株洲,27.87,113.17
湖南,57781,醴陵,27.65,113.5
湖南,57845,通道,26.17,109.78
湖南,57865,冷水滩,26.47,111.58
湖南,57866,永州,26.23,111.62
湖南,57867,东安,26.4,111.28
湖南,57868,祁阳,26.6,111.87
湖南,57870,祁东,26.8,112.1
湖南,57871,衡阳县,26.98,112.37
湖南,57872,衡阳,26.9,112.6
湖南,57874,常宁,26.42,112.4
湖南,57875,衡南,26.75,112.68
湖南,57876,耒阳,26.43,112.83
湖南,57881,安仁,26.72,113.25
湖南,57882,茶陵,26.78,113.55
湖南,57886,炎陵,26.48,113.8
湖南,57887,永兴,26.12,113.12
湖南,57889,桂东,26.08,113.95
湖南,57962,双牌,25.97,111.65
湖南,57965,道县,25.53,111.6
湖南,57966,宁远,25.6,111.97
湖南,57969,江永,25.27,111.33
湖南,57971,新田,25.92,112.2
湖南,57972,郴州,25.8,113.03
湖南,57973,桂阳,25.75,112.72
湖南,57974,嘉禾,25.58,112.37
湖南,57975,蓝山,25.38,112.2
湖南,57976,宜章,25.42,112.95
湖南,57978,临武,25.28,112.55
湖南,57981,资兴,25.98,113.22
湖南,57985,汝城,25.57,113.68
湖南,59063,江华,25.18,111.45
吉林,50936,白城,45.63,122.83
吉林,50939,洮南,45.33,122.82
吉林,50940,镇赉,45.85,123.17
吉林,50945,大安,45.5,124.27
吉林,50946,松原,45.18,124.83
吉林,50948,乾安,45.0,124.02
吉林,50949,前郭,45.08,124.87
吉林,54041,通榆,44.8,123.07
吉林,54049,长岭,44.25,123.97
吉林,54063,扶余,44.97,126.0
吉林,54064,农安,44.38,125.15
吉林,54065,德惠,44.53,125.65
吉林,54069,九台,44.17,125.8
吉林,54072,榆树,44.85,126.52
吉林,54076,舒兰,44.38,126.93
吉林,54142,双辽,43.5,123.53
吉林,54154,梨树,43.35,124.3
吉林,54155,孤家子,43.67,124.23
吉林,54157,四平,43.17,124.33
吉林,54161,长春,43.9,125.22
吉林,54164,伊通,43.35,125.28
吉林,54165,双阳,43.55,125.63
吉林,54169,烟筒山,43.3,126.02
吉林,54171,永吉,43.7,126.52
吉林,54172,吉林城郊,43.87,126.53
吉林,54181,蛟河,43.7,127.33
吉林,54186,敦化,43.37,128.2
吉林,54187,安图,43.12,128.92
吉林,54192,罗子沟,43.7,130.27
吉林,54195,汪清,43.3,129.78
吉林,54260,辽源,42.92,125.08
吉林,54261,东丰,42.67,125.47
吉林,54263,磐石,42.97,126.05
吉林,54266,梅河口,42.53,125.63
吉林,54267,柳河,42.25,125.73
吉林,54273,桦甸,42.98,126.75
吉林,54274,辉南,42.68,125.98
吉林,54276,靖宇,42.4,126.8
吉林,54279,江源,42.05,126.58
吉林,54284,东岗,42.15,127.5
吉林,54285,二道,42.42,128.12
吉林,54286,和龙,42.53,129.0
吉林,54290,龙井,42.77,129.4
吉林,54291,珲春,42.9,130.28
吉林,54292,延吉,42.87,129.5
吉林,54293,图们,42.95,129.83
吉林,54362,通化县,41.67,125.73
吉林,54363,通化,41.68,125.9
吉林,54371,白山,41.93,126.43
吉林,54374,临江,41.8,126.88
吉林,54377,集安,41.15,126.22
吉林,54386,长白,41.42,128.18
江苏,58012,丰县,34.68,116.58
江苏,58013,沛县,34.75,116.9
江苏,58026,邳州,34.4,118.02
江苏,58027,徐州,34.28,117.15
江苏,58035,新沂,34.33,118.35
江苏,58036,东海,34.55,118.72
江苏,58038,沭阳,34.08,118.78
江苏,58040,赣榆,34.85,119.13
江苏,58041,西连岛,34.78,119.43
江苏,58044,连云港,34.53,119.23
江苏,58045,响水,34.2,119.6
江苏,58047,灌云,34.25,119.23
江苏,58048,灌南,34.12,119.35
江苏,58049,滨海,34.02,119.8
江苏,58130,睢宁,33.93,117.95
江苏,58131,宿豫,33.97,118.22
江苏,58132,泗阳,33.72,118.68
江苏,58135,泗洪,33.48,118.22
江苏,58138,盱眙,32.98,118.52
江苏,58139,洪泽,33.3,118.92
江苏,58140,涟水,33.77,119.3
江苏,58141,淮安,33.63,118.93
江苏,58143,阜宁,33.8,119.85
江苏,58145,楚州,33.5,119.15
江苏,58146,建湖,33.47,119.77
江苏,58147,金湖,32.98,118.97
江苏,58148,宝应,33.23,119.3
江苏,58150,射阳,33.75,120.3
江苏,58154,盐城,33.43,120.2
江苏,58158,大丰,33.2,120.48
江苏,58235,六合,32.37,118.85
江苏,58237,浦口,32.07,118.58
江苏,58238,南京,31.93,118.9
江苏,58241,高邮,32.8,119.45
江苏,58242,仪征,32.3,119.17
江苏,58243,兴化,32.95,119.82
江苏,58244,江都,32.45,119.58
江苏,58245,扬州,32.42,119.42
江苏,58246,泰州,32.55,120.0
江苏,58247,扬中,32.27,119.8
江苏,58249,泰兴,32.17,120.0
江苏,58250,姜堰,32.52,120.15
江苏,58251,东台,32.85,120.28
江苏,58252,丹徒,32.18,119.47
江苏,58254,海安,32.52,120.45
江苏,58255,如皋,32.37,120.57
江苏,58257,靖江,31.98,120.25
江苏,58259,南通,32.08,120.98
江苏,58264,如东,32.33,121.18
江苏,58265,吕泗,32.07,121.6
江苏,58268,通州,32.1,121.08
江苏,58269,启东,31.78,121.65
江苏,58339,高淳,31.33,118.9
江苏,58340,溧水,31.65,119.03
江苏,58341,丹阳,31.98,119.6
江苏,58342,金坛,31.72,119.55
江苏,58344,句容,31.97,119.2
江苏,58345,溧阳,31.43,119.48
江苏,58346,宜兴,31.33,119.82
江苏,58349,苏州,31.42,120.57
江苏,58351,江阴,31.9,120.3
江苏,58352,常熟,31.65,120.77
江苏,58353,张家港,31.87,120.57
江苏,58354,无锡,31.62,120.35
江苏,58356,昆山,31.4,121.0
江苏,58358,东山,31.07,120.43
江苏,58359,吴江,31.13,120.62
江苏,58360,海门,31.92,121.2
江苏,58377,太仓,31.52,121.1
江西,57598,修水,29.03,114.58
江西,57694,铜鼓,28.53,114.38
江西,57696,宜丰,28.4,114.78
江西,57698,万载,28.12,114.45
江西,57699,上高,28.23,114.92
江西,57786,萍乡,27.63,113.85
江西,57789,莲花,27.13,113.95
江西,57792,分宜,27.82,114.68
江西,57793,宜春,27.8,114.38
江西,57796,新余,27.83,114.88
江西,57798,安福,27.4,114.6
江西,57799,吉安县,27.05,114.92
江西,57883,夏坪,26.75,114.28
江西,57891,永新,26.93,114.25
江西,57894,井冈山,26.58,114.17
江西,57895,万安,26.47,114.78
江西,57896,遂川,26.33,114.5
江西,57899,泰和,26.8,114.92
江西,57990,崇义,25.7,114.3
江西,57991,上犹,25.8,114.55
江西,57992,南康,25.67,114.75
江西,57993,赣县,25.87,115.0
江西,57994,大余,25.4,114.35
江西,57995,信丰,25.4,114.93
江西,58502,九江,29.73,116.0
江西,58503,瑞昌,29.7,115.67
江西,58506,庐山,29.58,115.98
江西,58507,武宁,29.25,115.12
江西,58508,德安,29.33,115.77
江西,58509,永修,29.05,115.82
江西,58510,湖口,29.73,116.23
江西,58512,彭泽,29.9,116.55
江西,58514,星子,29.45,116.05
江西,58517,都昌,29.27,116.2
江西,58519,波阳,29.0,116.68
江西,58527,景德镇,29.3,117.2
江西,58529,婺源,29.27,117.85
江西,58600,靖安,28.87,115.37
江西,58601,奉新,28.7,115.38
江西,58602,安义,28.85,115.55
江西,58605,高安,28.42,115.38
江西,58606,南昌,28.6,115.92
江西,58607,南昌县,28.55,115.95
江西,58608,樟树,28.07,115.55
江西,58609,丰城,28.22,115.82
江西,58612,余干,28.7,116.68
江西,58614,进贤,28.38,116.27
江西,58615,万年,28.68,117.08
江西,58616,余江,28.2,116.82
江西,58618,东乡,28.27,116.6
江西,58619,临川,28.0,116.37
江西,58620,乐平,29.02,117.1
江西,58622,德兴,28.95,117.58
江西,58623,上饶县,28.47,117.92
江西,58624,弋阳,28.4,117.43
江西,58625,横峰,28.42,117.6
江西,58626,贵溪,28.32,117.25
江西,58627,鹰潭,28.25,117.03
江西,58629,铅山,28.28,117.7
江西,58634,玉山,28.68,118.25
江西,58635,广丰,28.43,118.2
江西,58637,上饶,28.45,117.98
江西,58693,新建,28.7,115.83
江西,58701,新干,27.77,115.4
江西,58704,峡江,27.62,115.35
江西,58705,永丰,27.33,115.42
江西,58706,乐安,27.43,115.83
江西,58707,吉水,27.22,115.13
江西,58710,崇仁,27.77,116.05
江西,58712,金溪,27.92,116.78
江西,58713,资溪,27.72,117.07
江西,58714,宜黄,27.55,116.23
江西,58715,南城,27.58,116.65
江西,58718,南丰,27.22,116.53
江西,58719,黎川,27.3,116.93
江西,58804,兴国,26.35,115.35
江西,58806,宁都,26.48,116.02
江西,58813,广昌,26.85,116.33
江西,58814,石城,26.35,116.35
江西,58903,瑞金,25.9,116.03
江西,58905,于都,25.97,115.42
江西,58906,会昌,25.6,115.8
江西,58907,安远,25.15,115.4
江西,59091,全南,24.75,114.52
江西,59092,龙南,24.92,114.82
江西,59093,定南,24.78,115.03
江西,59102,寻乌,24.95,115.65
江西,58524,浮梁,29.37,117.22
江西,57794,芦溪,27.63,114.02
江西,57783,上栗,27.88,113.82
江西,58505,九江县,29.62,115.9
辽宁,54236,彰武,42.38,122.55
辽宁,54243,昌图,42.78,124.12
辽宁,54244,康平,42.75,123.33
辽宁,54245,法库,42.5,123.4
辽宁,54248,沈北新区,42.03,123.53
辽宁,54249,铁岭,42.3,123.87
辽宁,54252,西丰,42.73,124.75
辽宁,54254,开原,42.53,124.05
辽宁,54259,清原,42.07,124.87
辽宁,54321,建平镇,41.87,119.63
辽宁,54323,北票,41.82,120.78
辽宁,54324,朝阳,41.55,120.43
辽宁,54325,羊山,41.18,120.35
辽宁,54326,建平县,41.42,119.62
辽宁,54327,凌源,41.23,119.35
辽宁,54328,喀左,41.08,119.72
辽宁,54332,辽中,41.52,122.72
辽宁,54333,新民,41.97,122.85
辽宁,54336,台安,41.42,122.42
辽宁,54338,盘山,41.28,121.95
辽宁,54339,鞍山,41.08,123.0
辽宁,54340,苏家屯,41.67,123.32
辽宁,54342,沈阳,41.73,123.52
辽宁,54345,辽阳县,41.2,123.07
辽宁,54346,本溪,41.32,123.78
辽宁,54347,辽阳,41.23,123.17
辽宁,54348,灯塔,41.42,123.33
辽宁,54351,抚顺,41.92,124.08
辽宁,54353,新宾,41.73,125.05
辽宁,54452,建昌,40.8,119.82
辽宁,54453,连山区,40.78,120.88
辽宁,54454,绥中,40.33,120.3
辽宁,54455,兴城,40.62,120.65
辽宁,54470,大洼,41.02,122.07
辽宁,54471,营口,40.65,122.17
辽宁,54474,盖州,40.42,122.35
辽宁,54475,大石桥,40.62,122.48
辽宁,54476,熊岳,40.17,122.15
辽宁,54483,草河口,40.88,123.9
辽宁,54486,岫岩,40.28,123.28
辽宁,54493,宽甸,40.72,124.78
辽宁,54494,凤城,40.47,124.07
辽宁,54497,丹东,40.05,124.33
辽宁,54563,瓦房店,39.63,122.02
辽宁,54568,金州,39.07,121.75
辽宁,54569,普兰店,39.42,121.95
辽宁,54575,皮口,39.42,122.37
辽宁,54579,长海,39.27,122.58
辽宁,54584,庄河,39.72,122.95
辽宁,54590,东港,39.88,124.17
辽宁,54662,大连,38.9,121.63
辽宁,54565,长兴岛,39.6,121.47
内蒙古,50425,额尔古纳市,50.25,120.18
内蒙古,50431,根河市,50.78,121.52
内蒙古,50434,图里河,50.48,121.68
内蒙古,50445,鄂伦春自治旗,50.58,123.73
内蒙古,50514,满洲里,49.58,117.32
内蒙古,50524,陈巴尔虎旗,49.32,119.43
内蒙古,50525,鄂温克族自治旗,49.15,119.75
内蒙古,50526,牙克石市,49.28,120.7
内蒙古,50527,海拉尔,49.25,119.7
内蒙古,50548,小二沟,49.2,123.72
内蒙古,50603,新巴尔虎右旗,48.67,116.82
内蒙古,50618,新巴尔虎左旗,48.22,118.27
内蒙古,50639,扎兰屯,48.0,122.73
内蒙古,50645,莫力达瓦达斡尔族自治旗,48.48,124.48
内蒙古,50647,阿荣旗,48.13,123.48
内蒙古,50727,阿尔山,47.17,119.93
内蒙古,50834,索伦,46.6,121.22
内蒙古,50913,乌拉盖,45.72,118.83
内蒙古,50915,东乌珠穆沁,45.52,116.97
内蒙古,50924,霍林郭勒,45.53,119.67
内蒙古,50928,巴雅尔吐胡硕,45.07,120.33
内蒙古,50934,突泉,45.38,121.58
内蒙古,50937,科尔沁右翼中旗,45.07,121.48
内蒙古,53068,二连浩特,43.63,111.93
内蒙古,53083,那仁宝力格,44.62,114.15
内蒙古,53149,满都拉气象站,42.53,110.13
内蒙古,53192,阿巴嘎旗,44.02,114.95
内蒙古,53231,海力素,41.4,106.4
内蒙古,53289,镶黄旗,42.23,113.83
内蒙古,53336,乌拉特中旗,41.57,108.52
内蒙古,53337,五原,41.1,108.27
内蒙古,53348,大佘太,41.02,109.13
内蒙古,53352,达茂旗气象局,41.7,110.43
内蒙古,53357,固阳县气象局,41.03,110.05
内蒙古,53362,四子王,41.53,111.68
内蒙古,53367,希拉穆仁,41.32,111.23
内蒙古,53368,武川县,41.08,111.47
内蒙古,53378,察右中旗,41.28,112.62
内蒙古,53384,察右后旗,41.45,113.18
内蒙古,53385,商都,41.6,113.53
内蒙古,53391,化德,41.9,114.0
内蒙古,53419,磴口,40.33,107.0
内蒙古,53420,杭锦后旗,40.85,107.12
内蒙古,53433,乌拉特前旗,40.73,108.65
内蒙古,53446,包头市,40.53,109.88
内蒙古,53455,土右旗气象局,40.55,110.53
内蒙古,53457,达拉特旗,40.4,110.03
内蒙古,53463,呼和浩特,40.85,111.57
内蒙古,53464,土默特左旗,40.72,111.17
内蒙古,53466,呼和浩特郊区站,40.75,111.7
内蒙古,53467,托克托县,40.27,111.18
内蒙古,53469,和林格尔县,40.4,111.82
内蒙古,53472,卓资,40.87,112.57
内蒙古,53475,凉城,40.52,112.47
内蒙古,53480,集宁,41.03,113.07
内蒙古,53481,察右前旗,40.8,113.22
内蒙古,53483,兴和,40.87,113.83
内蒙古,53484,丰镇,40.45,113.15
内蒙古,53512,乌海,39.8,106.8
内蒙古,53513,临河,40.73,107.37
内蒙古,53522,伊克乌素,40.05,107.83
内蒙古,53529,鄂托克旗,39.08,107.97
内蒙古,53533,杭锦旗,39.82,108.72
内蒙古,53543,东胜,39.83,109.98
内蒙古,53545,伊金霍洛旗,39.57,109.72
内蒙古,53553,准格尔旗,39.87,111.22
内蒙古,53562,清水河县,39.92,111.67
内蒙古,53644,乌审旗,38.6,108.83
内蒙古,53730,鄂托克前旗,38.18,107.48
内蒙古,53732,河南,37.85,108.72
内蒙古,54012,西乌珠穆沁,44.58,117.6
内蒙古,54024,富河,44.45,119.3
内蒙古,54026,扎鲁特,44.57,120.9
内蒙古,54027,巴林左旗,43.98,119.4
内蒙古,54031,高力板,44.9,121.82
内蒙古,54039,舍伯吐,44.03,122.02
内蒙古,54047,科左中旗,44.13,123.28
内蒙古,54102,锡林浩特,43.95,116.12
内蒙古,54113,巴林右旗,43.53,118.65
内蒙古,54115,林西县,43.63,118.03
内蒙古,54117,克什克腾旗,43.25,117.53
内蒙古,54122,阿鲁科尔沁旗,43.88,120.05
内蒙古,54132,青龙山,42.4,121.07
内蒙古,54134,开鲁,43.6,121.28
内蒙古,54135,通辽,43.6,122.27
内蒙古,54204,正镶白旗,42.3,115.0
内蒙古,54205,正蓝旗,42.23,116.0
内蒙古,54208,多伦县,42.18,116.47
内蒙古,54213,翁牛特旗,42.93,119.02
内蒙古,54214,岗子,42.58,118.42
内蒙古,54218,赤峰,42.3,118.83
内蒙古,54223,奈曼,42.85,120.65
内蒙古,54225,敖汉旗,42.3,119.95
内蒙古,54226,宝国吐,42.33,120.7
内蒙古,54231,科左后旗,42.97,122.35
内蒙古,54234,库伦,42.73,121.75
内蒙古,54305,太仆寺旗,41.88,115.27
内蒙古,54313,喀喇沁旗,41.93,118.7
内蒙古,54316,八里罕,41.52,118.75
内蒙古,54320,宁城县,41.6,119.3
宁夏,53517,石炭井,39.27,106.33
宁夏,53518,石嘴山,39.03,106.35
宁夏,53519,惠农,39.22,106.77
宁夏,53603,沙湖,38.83,106.37
宁夏,53610,贺兰,38.57,106.35
宁夏,53611,平罗,38.88,106.55
宁夏,53612,吴忠,37.98,106.18
宁夏,53614,银川,38.47,106.2
宁夏,53615,陶乐,38.8,106.7
宁夏,53617,青铜峡,38.03,106.08
宁夏,53618,永宁,38.28,106.25
宁夏,53619,灵武,38.12,106.3
宁夏,53704,中卫,37.53,105.18
宁夏,53705,中宁,37.48,105.68
宁夏,53707,兴仁,36.93,105.25
宁夏,53723,盐池,37.8,107.38
宁夏,53727,麻黄山,37.17,107.12
宁夏,53806,海原,36.57,105.65
宁夏,53810,同心,36.97,105.9
宁夏,53817,固原,36.0,106.27
宁夏,53881,韦州,37.28,106.48
宁夏,53903,西吉,35.97,105.72
宁夏,53910,六盘山,35.67,106.2
宁夏,53914,隆德,35.62,106.12
宁夏,53916,泾源,35.5,106.32
青海,52602,冷湖,38.75,93.33
青海,52707,小灶火,36.8,93.68
青海,52818,格尔木,36.42,94.92
青海,52825,诺木洪,36.43,96.43
青海,52836,都兰,36.3,98.1
青海,52854,青海湖151,36.58,100.48
青海,52856,共和,36.27,100.62
青海,52863,互助,36.82,101.95
青海,52866,西宁,36.73,101.75
青海,52868,贵德,36.02,101.37
青海,52869,湟中,36.5,101.58
青海,52875,平安,36.5,102.1
青海,52876,民和,36.33,102.83
青海,52877,化隆,36.1,102.25
青海,52908,五道梁,35.22,93.08
青海,52941,沙珠玉,36.27,100.27
青海,52943,兴海,35.58,99.98
青海,52955,贵南,35.58,100.73
青海,52957,同德,35.25,100.6
青海,52963,尖扎,35.93,102.02
青海,52968,泽库,35.03,101.47
青海,52972,循化,35.85,102.45
青海,52974,同仁,35.52,102.02
青海,56004,沱沱河,34.22,92.43
青海,56016,治多,33.85,95.62
青海,56018,杂多,32.88,95.28
青海,56021,曲麻莱,34.12,95.8
青海,56029,玉树,33.0,96.97
青海,56033,玛多,34.92,98.22
青海,56034,清水河,33.8,97.13
青海,56043,玛沁,34.48,100.23
青海,56045,甘德,33.97,99.9
青海,56046,达日,33.75,99.65
青海,56065,河南,34.73,101.6
青海,56067,久治,33.43,101.48
青海,56125,囊谦,32.2,96.47
青海,56151,班玛,32.93,100.75
山东,54709,武城,37.22,116.07
山东,54712,临邑,37.2,116.82
山东,54714,德州,37.45,116.33
山东,54715,陵县,37.32,116.57
山东,54716,宁津,37.67,116.8
山东,54722,无棣,37.75,117.63
山东,54723,阳信,37.65,117.57
山东,54724,商河,37.32,117.13
山东,54725,惠民,37.5,117.53
山东,54726,乐陵,37.7,117.18
山东,54727,章丘,36.68,117.55
山东,54728,庆云,37.77,117.38
山东,54729,高青,37.17,117.87
山东,54734,滨州,37.35,118.0
山东,54736,东营,37.43,118.67
山东,54744,垦利,37.58,118.55
山东,54749,莱州,37.18,119.95
山东,54751,长岛,37.93,120.73
山东,54752,蓬莱,37.8,120.77
山东,54753,龙口,37.63,120.33
山东,54755,招远,37.33,120.38
山东,54759,栖霞,37.32,120.85
山东,54764,福山,37.48,121.23
山东,54765,烟台,37.48,121.43
山东,54776,成山头,37.4,122.7
山东,54777,文登,37.2,122.07
山东,54802,临清,36.82,115.73
山东,54806,聊城,36.42,115.97
山东,54807,阳谷,36.15,115.77
山东,54808,莘县,36.23,115.63
山东,54812,齐河,36.78,116.75
山东,54814,茌平,36.53,116.25
山东,54815,东阿,36.38,116.27
山东,54816,长清,36.52,116.8
山东,54818,平阴,36.25,116.42
山东,54819,肥城,36.18,116.8
山东,54821,济阳,37.0,117.2
山东,54822,邹平,36.87,117.73
山东,54823,济南,36.6,117.0
山东,54824,淄川,36.63,117.95
山东,54825,博山,36.52,117.85
山东,54826,泰山,36.25,117.1
山东,54827,泰安,36.17,117.15
山东,54828,莱芜,36.23,117.68
山东,54829,周村,36.77,117.87
山东,54830,淄博,36.82,117.93
山东,54831,青州,36.65,118.5
山东,54832,寿光,36.88,118.73
山东,54833,桓台,36.97,118.08
山东,54834,临淄,36.87,118.28
山东,54835,临朐,36.5,118.55
山东,54836,沂源,36.18,118.17
山东,54837,昌乐,36.68,118.83
山东,54841,昌邑,36.87,119.42
山东,54842,平度,36.78,120.0
山东,54843,潍坊,36.75,119.2
山东,54844,安丘,36.42,119.18
山东,54846,高密,36.38,119.73
山东,54848,诸城,35.98,119.42
山东,54849,胶州,36.22,120.03
山东,54851,莱西,36.9,120.57
山东,54852,莱阳,36.97,120.73
山东,54853,崂山,36.17,120.42
山东,54855,即墨,36.38,120.47
山东,54857,青岛,36.07,120.33
山东,54861,乳山,36.93,121.53
山东,54863,海阳,36.78,121.18
山东,54871,石岛,36.93,122.48
山东,54904,鄄城,35.58,115.52
山东,54905,郓城,35.58,115.93
山东,54906,菏泽,35.25,115.42
山东,54907,鱼台,34.98,116.65
山东,54908,东明,35.27,115.1
山东,54909,定陶,35.08,115.52
山东,54910,梁山,35.82,116.05
山东,54911,东平,35.93,116.4
山东,54912,汶上,35.77,116.5
山东,54913,宁阳,35.75,116.82
山东,54914,巨野,35.42,116.08
山东,54915,济宁,35.43,116.6
山东,54916,兖州,35.57,116.85
山东,54917,金乡,35.1,116.32
山东,54918,曲阜,35.6,116.97
山东,54919,邹城,35.38,116.98
山东,54920,泗水,35.65,117.28
山东,54921,嘉祥,35.42,116.33
山东,54922,新泰,35.88,117.78
山东,54923,蒙阴,35.72,117.93
山东,54925,平邑,35.52,117.63
山东,54927,滕州,35.1,117.2
山东,54929,费县,35.27,117.97
山东,54932,沂水,35.77,118.65
山东,54935,沂南,35.53,118.43
山东,54936,莒县,35.57,118.83
山东,54938,临沂,35.05,118.4
山东,54939,莒南,35.17,118.82
山东,54940,五莲,35.75,119.2
山东,54943,黄岛,35.88,120.0
山东,54945,日照,35.43,119.53
山东,58002,曹县,34.85,115.58
山东,58003,成武,34.95,115.88
山东,58011,单县,34.8,116.07
山东,58020,微山,34.8,117.13
山东,58021,薛城,34.78,117.28
山东,58022,峄城,34.75,117.57
山东,58024,枣庄,34.87,117.58
山东,58025,台儿庄,34.57,117.73
山东,58030,苍山,34.88,118.02
山东,58032,临沭,34.93,118.65
山西,53478,右玉,40.0,112.45
山西,53486,阳高,40.37,113.77
山西,53487,大同,40.08,113.42
山西,53488,大同县,40.03,113.58
山西,53490,天镇,40.43,114.05
山西,53564,河曲,39.38,111.15
山西,53565,偏关,39.43,111.5
山西,53573,左云,40.0,112.7
山西,53574,平鲁,39.52,112.27
山西,53575,神池,39.1,112.2
山西,53576,山阴,39.5,112.82
山西,53577,宁武,39.0,112.3
山西,53578,朔州,39.37,112.43
山西,53579,代县,39.02,112.9
山西,53582,浑源,39.72,113.67
山西,53584,应县,39.57,113.17
山西,53585,繁峙,39.17,113.27
山西,53588,五台山,38.95,113.52
山西,53590,广灵,39.75,114.27
山西,53594,灵丘,39.45,114.18
山西,53659,临县,37.97,111.0
山西,53660,保德,39.02,111.08
山西,53662,岢岚,38.72,111.58
山西,53663,五寨,38.92,111.82
山西,53664,兴县,38.47,111.13
山西,53665,岚县,38.28,111.65
山西,53666,静乐,38.35,111.93
山西,53669,娄烦,38.08,111.8
山西,53673,原平,38.73,112.72
山西,53674,忻府区,38.4,112.7
山西,53676,定襄,38.5,112.98
山西,53677,尖草坪,37.93,112.48
山西,53678,阳曲,38.07,112.65
山西,53679,小店区,37.75,112.55
山西,53681,五台县豆村,38.83,113.37
山西,53685,盂县,38.07,113.42
山西,53687,平定,37.78,113.63
山西,53753,柳林,37.43,110.88
山西,53759,石楼,36.98,110.83
山西,53760,方山,37.88,111.23
山西,53763,古交,37.92,112.17
山西,53764,离石,37.5,111.1
山西,53767,中阳,37.33,111.17
山西,53768,孝义,37.15,111.75
山西,53769,汾阳,37.25,111.78
山西,53770,祁县,37.35,112.35
山西,53771,文水,37.42,112.05
山西,53772,太原,37.62,112.58
山西,53774,清徐,37.58,112.37
山西,53775,太谷,37.42,112.6
山西,53776,榆次,37.68,112.77
山西,53777,交城,37.53,112.15
山西,53778,平遥,37.17,112.22
山西,53780,寿阳,37.9,113.15
山西,53782,阳泉,37.93,113.62
山西,53783,昔阳,37.6,113.7
山西,53786,左权,37.08,113.33
山西,53787,榆社,37.07,112.98
山西,53788,和顺,37.33,113.57
山西,53852,永和,36.77,110.63
山西,53853,隰县,36.7,110.95
山西,53856,大宁,36.47,110.75
山西,53859,吉县,36.1,110.67
山西,53860,交口,36.98,111.17
山西,53861,襄汾,35.88,111.38
山西,53862,灵石,36.85,111.8
山西,53863,介休,37.03,111.92
山西,53864,蒲县,36.4,111.1
山西,53865,汾西,36.65,111.55
山西,53866,洪洞,36.23,111.67
山西,53868,临汾,36.07,111.5
山西,53869,霍州,36.58,111.7
山西,53871,武乡,36.83,112.85
山西,53872,沁县,36.77,112.68
山西,53873,长子,36.1,112.87
山西,53874,古县,36.25,111.9
山西,53875,沁源,36.52,112.35
山西,53877,安泽,36.17,112.25
山西,53878,黎城,36.52,113.38
山西,53879,屯留,36.32,112.88
山西,53880,潞城,36.33,113.23
山西,53882,长治,36.07,113.03
山西,53884,襄垣,36.52,113.03
山西,53885,壶关,36.12,113.2
山西,53888,平顺,36.2,113.43
山西,53953,乡宁,35.97,110.85
山西,53954,稷山,35.62,110.97
山西,53956,万荣,35.4,110.83
山西,53957,河津,35.62,110.72
山西,53958,临猗,35.17,110.78
山西,53959,盐湖,35.05,111.05
山西,53961,曲沃,35.65,111.48
山西,53962,翼城,35.73,111.7
山西,53963,侯马,35.65,111.37
山西,53964,新绛,35.62,111.22
山西,53965,绛县,35.52,111.57
山西,53966,浮山,35.98,111.83
山西,53967,闻喜,35.33,111.2
山西,53968,垣曲,35.28,111.67
山西,53970,沁水,35.7,112.2
山西,53973,高平,35.77,112.95
山西,53975,阳城,35.48,112.4
山西,53976,晋城,35.5,112.87
山西,53981,陵川,35.78,113.27
山西,57052,永济,34.88,110.45
山西,57053,芮城,34.7,110.72
山西,57060,夏县,35.17,111.23
山西,57061,平陆,34.83,111.2
陕西,53567,府谷,39.02,111.0
陕西,53646,榆林,38.27,109.78
陕西,53651,神木,38.82,110.47
陕西,53658,佳县,38.03,110.48
陕西,53725,定边,37.58,107.58
陕西,53735,靖边,37.62,108.8
陕西,53738,吴旗,36.92,108.17
陕西,53740,横山,37.93,109.23
陕西,53748,子长,37.18,109.7
陕西,53750,米脂,37.77,110.18
陕西,53751,子洲,37.6,110.05
陕西,53754,绥德,37.5,110.22
陕西,53756,吴堡,37.52,110.72
陕西,53757,清涧,37.12,110.12
陕西,53832,志丹,36.77,108.77
陕西,53841,安塞,36.88,109.32
陕西,53848,甘泉,36.27,109.35
陕西,53850,延川,36.88,110.18
陕西,53854,延长,36.58,110.07
陕西,53857,宜川,36.07,110.18
陕西,53929,长武,35.2,107.8
陕西,53931,富县,36.0,109.37
陕西,53938,旬邑,35.17,108.3
陕西,53941,白水,35.18,109.58
陕西,53942,洛川,35.77,109.42
陕西,53944,黄陵,35.57,109.25
陕西,53945,宜君,35.43,109.07
陕西,53946,黄龙,35.6,109.82
陕西,53947,铜川,35.08,109.07
陕西,53948,蒲城,34.95,109.58
陕西,53949,澄城,35.18,109.92
陕西,53950,合阳,35.23,110.15
陕西,57003,陇县,34.9,106.83
陕西,57016,宝鸡,34.35,107.13
陕西,57020,宝鸡县,34.37,107.4
陕西,57021,千阳,34.65,107.13
陕西,57022,麟游,34.68,107.78
陕西,57023,彬县,35.02,108.12
陕西,57024,岐山,34.45,107.65
陕西,57025,凤翔,34.52,107.38
陕西,57026,扶风,34.37,107.88
陕西,57027,眉县,34.27,107.73
陕西,57028,太白,34.03,107.32
陕西,57029,礼泉,34.5,108.48
陕西,57030,永寿,34.7,108.15
陕西,57031,淳化,34.82,108.55
陕西,57033,泾阳,34.55,108.82
陕西,57034,武功,34.25,108.22
陕西,57035,乾县,34.55,108.23
陕西,57037,耀县,34.93,108.98
陕西,57038,兴平,34.28,108.45
陕西,57041,三原,34.63,108.92
陕西,57042,富平,34.78,109.18
陕西,57043,大荔,34.8,109.97
陕西,57045,渭南,34.52,109.48
陕西,57046,华山,34.48,110.08
陕西,57048,秦都,34.4,108.72
陕西,57054,潼关,34.55,110.23
陕西,57055,华阴,34.55,110.08
陕西,57057,洛南,34.1,110.15
陕西,57106,略阳,33.32,106.15
陕西,57113,凤县,33.9,106.53
陕西,57119,勉县,33.17,106.7
陕西,57123,杨凌,34.28,108.07
陕西,57124,留坝,33.63,106.93
陕西,57127,汉中,33.07,107.03
陕西,57128,城固,33.17,107.33
陕西,57131,泾河,34.43,108.97
陕西,57134,佛坪,33.52,107.98
陕西,57137,宁陕,33.32,108.32
陕西,57140,柞水,33.67,109.12
陕西,57143,商县,33.87,109.97
陕西,57144,镇安,33.43,109.15
陕西,57153,丹凤,33.68,110.33
陕西,57154,商南,33.53,110.9
陕西,57155,山阳,33.55,109.87
陕西,57211,宁强,32.83,106.25
陕西,57213,南郑,33.0,106.93
陕西,57231,紫阳,32.53,108.53
陕西,57232,石泉,33.05,108.27
陕西,57233,汉阴,32.9,108.5
陕西,57238,镇巴,32.53,107.9
陕西,57242,旬阳,32.85,109.37
陕西,57245,安康,32.72,109.03
陕西,57247,岚皋,32.32,108.9
陕西,57248,平利,32.4,109.33
陕西,57254,白河,32.82,110.12
陕西,57343,镇坪,31.9,109.53
上海,58361,闵行,31.1,121.37
上海,58362,宝山,31.4,121.45
上海,58365,嘉定,31.37,121.25
上海,58366,崇明,31.67,121.5
上海,58367,徐家汇,31.2,121.43
上海,58369,南汇,31.05,121.78
上海,58370,浦东,31.23,121.53
上海,58460,金山,30.73,121.35
上海,58461,青浦,31.13,121.12
上海,58462,松江,31.03,121.23
上海,58463,奉贤,30.88,121.5
四川,56038,石渠,32.98,98.1
四川,56079,若尔盖,33.58,102.97
四川,56097,九寨沟,33.27,104.25
四川,56144,德格,31.8,98.58
四川,56146,甘孜,31.62,100.0
四川,56147,白玉,31.22,98.83
四川,56152,色达,32.28,100.33
四川,56158,炉霍,31.4,100.67
四川,56164,壤塘,32.27,100.98
四川,56167,道孚,30.98,101.12
四川,56168,金川,31.48,102.07
四川,56171,阿坝,32.9,101.7
四川,56172,马尔康,31.9,102.23
四川,56173,红原,32.8,102.55
四川,56178,小金,31.0,102.35
四川,56180,茂县,31.68,103.85
四川,56181,崇州,30.68,103.7
四川,56182,松潘,32.67,103.6
四川,56183,汶川,31.5,103.62
四川,56184,理县,31.43,103.17
四川,56185,黑水,32.08,102.98
四川,56186,绵竹,31.33,104.2
四川,56187,温江,30.75,103.87
四川,56188,都江堰,31.0,103.67
四川,56189,彭州,30.98,103.93
四川,56197,什邡,31.15,104.17
四川,56198,德阳,31.32,104.5
四川,56199,中江,31.03,104.68
四川,56247,巴塘,30.0,99.1
四川,56251,新龙,30.93,100.32
四川,56257,理塘,30.0,100.27
四川,56263,丹巴,30.88,101.88
四川,56267,雅江,30.03,101.02
四川,56272,郫县,30.82,103.88
四川,56273,宝兴,30.38,102.82
四川,56276,新津,30.45,103.82
四川,56278,天全,30.07,102.77
四川,56279,芦山,30.15,102.93
四川,56280,名山,30.08,103.12
四川,56281,蒲江,30.18,103.5
四川,56284,邛崃,30.45,103.43
四川,56285,大邑,30.6,103.52
四川,56286,龙泉驿,30.55,104.25
四川,56288,双流,30.58,103.92
四川,56289,彭山,30.2,103.87
四川,56290,新都,30.78,104.18
四川,56296,金堂,30.85,104.43
四川,56297,仁寿,30.02,104.15
四川,56298,资阳,30.13,104.6
四川,56357,稻城,29.05,100.3
四川,56371,泸定,29.92,102.23
四川,56373,荥经,29.78,102.85
四川,56374,康定,30.05,101.97
四川,56376,汉源,29.35,102.63
四川,56378,石棉,29.23,102.35
四川,56380,洪雅,29.88,103.35
四川,56381,丹棱,30.07,103.5
四川,56382,夹江,29.73,103.6
四川,56383,青神,29.83,103.87
四川,56384,峨眉,29.6,103.48
四川,56385,峨眉山,29.52,103.33
四川,56386,乐山,29.57,103.75
四川,56387,峨边,29.23,103.27
四川,56389,犍为,29.2,103.95
四川,56390,井研,29.67,104.07
四川,56391,眉山,30.08,103.82
四川,56393,资中,29.77,104.85
四川,56394,荣县,29.45,104.43
四川,56395,威远,29.52,104.67
四川,56396,自贡,29.35,104.77
四川,56399,富顺,29.18,104.98
四川,56441,得荣,28.72,99.28
四川,56443,乡城,28.93,99.8
四川,56459,木里,27.93,101.27
四川,56462,九龙,29.0,101.5
四川,56473,甘洛,28.95,102.77
四川,56474,冕宁,28.55,102.17
四川,56475,越西,28.65,102.52
四川,56478,喜德,28.3,102.43
四川,56479,昭觉,28.0,102.85
四川,56480,马边,28.82,103.53
四川,56485,雷波,28.27,103.58
四川,56487,美姑,28.33,103.13
四川,56490,沐川,28.95,103.9
四川,56491,宜宾县,28.7,104.57
四川,56492,宜宾,28.8,104.6
四川,56493,南溪,28.85,104.97
四川,56494,屏山,28.65,104.15
四川,56496,兴文,28.32,105.23
四川,56498,筠连,28.15,104.5
四川,56499,珙县,28.38,104.78
四川,56565,盐源,27.43,101.52
四川,56569,德昌,27.42,102.18
四川,56571,西昌,27.9,102.27
四川,56575,普格,27.37,102.55
四川,56578,宁南,27.07,102.75
四川,56580,布拖,27.72,102.8
四川,56584,金阳,27.7,103.25
四川,56592,高县,28.43,104.52
四川,56593,长宁,28.58,104.92
四川,56665,盐边,26.68,101.85
四川,56666,攀枝花,26.58,101.72
四川,56670,米易,26.92,102.12
四川,56671,会理,26.65,102.25
四川,56674,仁和,26.5,101.73
四川,56675,会东,26.65,102.58
四川,57204,青川,32.57,105.22
四川,57206,广元,32.43,105.85
四川,57208,剑阁,32.28,105.52
四川,57216,南江,32.35,106.83
四川,57217,旺苍,32.23,106.28
四川,57237,万源,32.07,108.03
四川,57303,苍溪,31.73,105.92
四川,57306,阆中,31.58,105.97
四川,57307,三台,31.1,105.08
四川,57308,盐亭,31.22,105.38
四川,57309,西充,30.98,105.88
四川,57313,巴中,31.87,106.77
四川,57314,南部,31.35,106.07
四川,57315,仪陇,31.53,106.4
四川,57317,蓬安,31.03,106.42
四川,57318,营山,31.07,106.55
四川,57320,通江,31.93,107.22
四川,57324,平昌,31.58,107.08
四川,57326,宣汉,31.37,107.72
四川,57328,达川,31.2,107.5
四川,57329,开江,31.1,107.85
四川,57401,射洪,30.87,105.37
四川,57402,蓬溪,30.77,105.7
四川,57405,遂宁,30.5,105.55
四川,57407,乐至,30.28,105.03
四川,57408,安岳,30.12,105.35
四川,57411,高坪,30.78,106.1
四川,57413,渠县,30.85,106.97
四川,57414,岳池,30.52,106.45
四川,57415,广安,30.53,106.63
四川,57416,邻水,30.33,106.93
四川,57417,武胜,30.35,106.28
四川,57420,大竹,30.75,107.18
四川,57503,东兴区,29.62,105.12
四川,57507,隆昌,29.33,105.3
四川,57508,泸县,29.15,105.37
四川,57600,江安,28.72,105.07
四川,57603,合江,28.82,105.83
四川,57608,叙永,28.17,105.43
天津,54428,蓟县,40.03,117.4
天津,54523,武清,39.38,117.02
天津,54525,宝坻,39.73,117.28
天津,54526,东丽区,39.08,117.33
天津,54527,天津,39.08,117.05
天津,54528,北辰区,39.23,117.13
天津,54529,宁河,39.35,117.82
天津,54530,汉沽区,39.23,117.77
天津,54619,静海,38.92,116.92
天津,54622,津南区,38.98,117.37
天津,54623,塘沽,39.05,117.72
天津,54645,大港,38.85,117.47
西藏,55228,狮泉河,32.5,80.08
西藏,55248,改则,32.15,84.42
西藏,55299,那曲,31.48,92.07
西藏,55437,普兰,30.28,81.25
西藏,55493,当雄,30.48,91.1
西藏,55569,拉孜,29.08,87.6
西藏,55572,南木林,29.68,89.1
西藏,55593,墨竹工卡,29.85,91.73
西藏,55597,琼结,29.03,91.68
西藏,55598,泽当,29.27,91.77
西藏,55655,聂拉木,28.18,85.97
西藏,55664,定日,28.63,87.08
西藏,55680,江孜,28.92,89.6
西藏,56116,丁青,31.42,95.6
西藏,56128,类乌齐,31.22,96.6
西藏,56137,昌都,31.15,97.17
西藏,56223,洛隆,30.75,95.83
西藏,56227,波密,29.87,95.77
西藏,56228,八宿,30.05,96.92
西藏,56312,林芝,29.67,94.33
西藏,56317,米林,29.22,94.22
西藏,56331,左贡,29.67,97.83
西藏,56434,察隅,28.65,97.47
新疆,51053,哈巴河,48.05,86.4
新疆,51058,阿克达拉,47.1,87.97
新疆,51060,布尔津,47.7,86.87
新疆,51068,福海,47.12,87.47
新疆,51076,阿勒泰,47.73,88.08
新疆,51087,富蕴,46.98,89.52
新疆,51133,塔城,46.73,83.0
新疆,51137,裕民,46.2,82.93
新疆,51145,额敏,46.55,83.65
新疆,51156,和布克赛尔,46.78,85.72
新疆,51232,阿拉山口,45.18,82.57
新疆,51238,博乐,44.9,82.07
新疆,51241,托里,45.93,83.6
新疆,51243,克拉玛依,45.62,84.85
新疆,51334,精河,44.57,82.82
新疆,51357,沙湾,44.33,85.62
新疆,51359,玛纳斯,44.32,86.2
新疆,51367,呼图壁,44.17,86.85
新疆,51368,昌吉,44.12,87.32
新疆,51369,米泉,43.97,87.65
新疆,51377,阜康,44.17,87.92
新疆,51378,吉木萨尔,44.02,89.17
新疆,51468,天山大西沟,43.1,86.83
新疆,51469,乌鲁木齐牧试站,43.45,87.18
新疆,51470,天池,43.88,88.12
新疆,51477,达坂城,43.35,88.32
新疆,51482,木垒,43.83,90.28
新疆,51526,库米什,42.23,88.22
新疆,51542,巴音布鲁克,43.03,84.15
新疆,51567,焉耆,42.08,86.57
新疆,51571,托克逊,42.8,88.63
新疆,51572,吐鲁番东坎,42.83,89.25
新疆,51573,吐鲁番,42.93,89.2
新疆,51627,乌什,41.22,79.23
新疆,51628,阿克苏,41.17,80.23
新疆,51636,新和,41.55,82.65
新疆,51639,沙雅,41.23,82.78
新疆,51656,库尔勒,41.75,86.13
新疆,51704,阿图什,39.72,76.17
新疆,51705,乌恰,39.72,75.25
新疆,51707,伽师,39.5,76.73
新疆,51709,喀什,39.48,75.75
新疆,51717,岳普湖,39.25,76.78
新疆,51720,柯坪,40.5,79.05
新疆,51722,阿瓦提,40.65,80.4
新疆,51730,阿拉尔,40.55,81.27
新疆,51747,塔中,39.0,83.67
新疆,51765,铁干里克,40.63,87.7
新疆,51802,英吉沙,38.93,76.17
新疆,51810,麦盖提,38.92,77.63
新疆,51811,莎车,38.43,77.27
新疆,51814,叶城,37.92,77.4
新疆,51815,泽普,38.2,77.27
新疆,51818,皮山,37.62,78.28
新疆,51826,策勒,37.02,80.8
新疆,51827,墨玉,37.17,79.63
新疆,51828,和田,37.13,79.93
新疆,51829,洛浦,37.08,80.17
新疆,51839,民丰,37.07,82.72
新疆,51855,且末,38.15,85.55
新疆,51931,于田,36.85,81.65
新疆,52101,巴里坤,43.6,93.05
新疆,52112,淖毛湖,43.75,94.98
新疆,52118,伊吾,43.27,94.7
新疆,52203,哈密,42.82,93.52
新疆,52313,红柳河,41.53,94.67
云南,56444,德钦,28.48,98.92
云南,56483,绥江,28.58,103.95
云南,56489,永善,28.23,103.63
云南,56497,盐津,28.1,104.23
云南,56533,贡山,27.75,98.67
云南,56543,香格里拉,27.83,99.7
云南,56548,维西,27.17,99.28
云南,56567,宁蒗,27.3,100.85
云南,56582,大关,27.75,103.9
云南,56585,鲁甸,27.18,103.53
云南,56586,昭通,27.35,103.72
云南,56594,彝良,27.63,104.05
云南,56595,镇雄,27.42,104.87
云南,56596,威信,27.85,105.05
云南,56641,福贡,26.9,98.87
云南,56643,六库,25.87,98.85
云南,56645,兰坪,26.42,99.42
云南,56646,剑川,26.53,99.92
云南,56649,洱源,26.1,99.97
云南,56651,丽江,26.85,100.22
云南,56652,永胜,26.68,100.75
云南,56654,鹤庆,26.58,100.18
云南,56664,华坪,26.63,101.27
云南,56669,永仁,26.05,101.67
云南,56673,巧家,26.92,102.92
云南,56684,会泽,26.4,103.25
云南,56688,东川,26.1,103.17
云南,56697,宣威,26.22,104.08
云南,56739,腾冲,24.98,98.5
云南,56742,云龙,25.9,99.37
云南,56745,漾濞,25.68,99.95
云南,56746,永平,25.47,99.52
云南,56748,保山,25.12,99.18
云南,56751,大理,25.7,100.18
云南,56752,宾川,25.83,100.57
云南,56755,弥渡,25.35,100.48
云南,56757,巍山,25.27,100.28
云南,56761,大姚,25.72,101.32
云南,56764,姚安,25.53,101.23
云南,56766,牟定,25.3,101.52
云南,56767,南华,25.18,101.28
云南,56772,富民,25.23,102.5
云南,56774,武定,25.53,102.42
云南,56777,禄丰,25.15,102.07
云南,56778,昆明,25.0,102.65
云南,56782,马龙,25.42,103.55
云南,56783,曲靖,25.5,103.8
云南,56785,嵩明,25.35,103.08
云南,56790,富源,25.68,104.25
云南,56835,陇川,24.07,97.82
云南,56836,盈江,24.7,97.95
云南,56839,镇康,23.77,98.82
云南,56840,粱河,24.82,98.3
云南,56841,龙陵,24.6,98.68
云南,56842,施甸,24.73,99.18
云南,56843,昌宁,24.83,99.62
云南,56844,芒市,24.43,98.58
云南,56846,凤庆,24.58,99.93
云南,56849,永德,24.03,99.23
云南,56851,南涧,25.03,100.52
云南,56854,云县,24.45,100.13
云南,56856,景东,24.47,100.87
云南,56862,双柏,24.68,101.6
云南,56863,安宁,24.93,102.48
云南,56867,镇沅,23.98,101.12
云南,56869,新平,24.07,101.97
云南,56870,易门,24.65,102.18
云南,56871,晋宁,24.65,102.6
云南,56873,澄江,24.68,102.92
云南,56875,玉溪,24.33,102.55
云南,56876,江川,24.28,102.77
云南,56878,通海,24.13,102.75
云南,56879,华宁,24.18,102.92
云南,56880,宜良,24.92,103.17
云南,56881,石林,24.75,103.27
云南,56882,呈贡,24.88,102.8
云南,56883,师宗,24.82,103.98
云南,56885,弥勒,24.4,103.45
云南,56886,泸西,24.53,103.77
云南,56889,丘北,24.05,104.17
云南,56891,罗平,24.98,104.32
云南,56898,峨山,24.18,102.4
云南,56944,沧源,23.15,99.27
云南,56946,耿马,23.55,99.4
云南,56948,西盟,22.63,99.6
云南,56949,孟连,22.32,99.6
云南,56950,双江,23.47,99.8
云南,56951,临沧,23.88,100.08
云南,56952,景谷,23.5,100.7
云南,56954,澜沧,22.57,99.93
云南,56958,勐海,21.92,100.42
云南,56962,墨江,23.42,101.67
云南,56964,思茅,22.78,100.97
云南,56966,元江,23.6,101.98
云南,56969,勐腊,21.47,101.58
云南,56970,石屏,23.7,102.48
云南,56975,红河,23.37,102.43
云南,56976,元阳,23.23,102.83
云南,56977,江城,22.58,101.85
云南,56978,绿春,23.0,102.42
云南,56982,开远,23.7,103.28
云南,56984,个旧,23.38,103.15
云南,56987,金平,22.78,103.23
云南,56991,砚山,23.62,104.33
云南,56992,西畴,23.45,104.7
云南,56994,文山,23.33,104.28
云南,56995,马关,23.03,104.42
云南,59007,广南,24.07,105.07
云南,59205,富宁,23.65,105.63
浙江,58443,长兴,31.02,119.9
浙江,58446,安吉,30.63,119.7
浙江,58448,临安,30.22,119.7
浙江,58449,富阳,30.05,119.95
浙江,58450,湖州,30.87,120.05
浙江,58451,嘉善,30.83,120.93
浙江,58452,嘉兴,30.73,120.77
浙江,58453,绍兴,30.07,120.5
浙江,58454,德清,30.53,119.98
浙江,58455,海宁,30.52,120.65
浙江,58456,桐乡,30.63,120.52
浙江,58457,杭州,30.23,120.17
浙江,58458,海盐,30.53,120.9
浙江,58459,萧山,30.18,120.28
浙江,58464,平湖,30.65,121.12
浙江,58467,慈溪,30.2,121.27
浙江,58468,余姚,30.05,121.17
浙江,58472,嵊泗,30.73,122.45
浙江,58477,定海,30.03,122.1
浙江,58484,岱山,30.25,122.2
浙江,58537,开化,29.13,118.4
浙江,58542,桐庐,29.82,119.68
浙江,58543,淳安,29.62,119.02
浙江,58544,建德,29.48,119.27
浙江,58546,浦江,29.47,119.88
浙江,58547,龙游,29.03,119.18
浙江,58548,兰溪,29.22,119.47
浙江,58549,金华,29.12,119.65
浙江,58550,诸暨,29.7,120.25
浙江,58553,上虞,30.05,120.82
浙江,58555,新昌,29.52,120.88
浙江,58556,嵊州,29.6,120.82
浙江,58557,义乌,29.33,120.08
浙江,58558,东阳,29.27,120.22
浙江,58559,天台,29.17,120.98
浙江,58560,磐安,29.05,120.43
浙江,58561,镇海,29.98,121.6
浙江,58562,鄞州,29.78,121.55
浙江,58563,北仑,29.88,121.83
浙江,58565,奉化,29.7,121.38
浙江,58566,象山,29.47,121.88
浙江,58567,宁海,29.32,121.43
浙江,58568,三门,29.12,121.38
浙江,58569,石浦,29.2,121.95
浙江,58570,普陀,29.95,122.3
浙江,58631,常山,28.9,118.5
浙江,58632,江山,28.72,118.6
浙江,58642,武义,28.88,119.8
浙江,58643,永康,28.9,120.03
浙江,58644,遂昌,28.6,119.28
浙江,58646,丽水,28.45,119.92
浙江,58647,龙泉,28.08,119.13
浙江,58652,仙居,28.87,120.72
浙江,58654,缙云,28.67,120.08
浙江,58656,乐清,28.07,120.97
浙江,58657,青田,28.15,120.28
浙江,58658,永嘉,28.15,120.68
浙江,58659,温州,28.03,120.65
浙江,58660,临海,28.87,121.2
浙江,58664,温岭,28.37,121.37
浙江,58665,洪家,28.62,121.42
浙江,58666,大陈,28.45,121.9
浙江,58667,玉环,28.08,121.27
浙江,58742,云和,28.12,119.55
浙江,58745,庆元,27.62,119.08
浙江,58746,泰顺,27.55,119.7
浙江,58750,文成,27.78,120.08
浙江,58751,平阳,27.67,120.57
浙江,58752,瑞安,27.78,120.65
浙江,58648,景宁,28.0,119.63
重庆,57333,城口,31.95,108.67
重庆,57338,开县,31.18,108.42
重庆,57339,云阳,30.95,108.68
重庆,57345,巫溪,31.4,109.62
重庆,57348,奉节,31.02,109.53
重庆,57349,巫山,31.07,109.87
重庆,57409,潼南,30.18,105.8
重庆,57425,垫江,30.33,107.33
重庆,57431,天城,30.83,108.35
重庆,57432,万州,30.77,108.4
重庆,57437,忠县,30.3,108.03
重庆,57438,石柱,29.98,108.12
重庆,57502,大足,29.7,105.7
重庆,57505,荣昌,29.42,105.58
重庆,57506,永川,29.37,105.9
重庆,57509,万盛,28.95,106.93
重庆,57510,铜梁,29.85,106.07
重庆,57511,北碚,29.85,106.45
重庆,57512,合川,29.97,106.28
重庆,57513,渝北,29.73,106.62
重庆,57514,璧山,29.58,106.22
重庆,57516,沙坪坝,29.58,106.47
重庆,57517,江津,29.28,106.25
重庆,57518,巴南,29.33,106.5
重庆,57519,南川,29.17,107.12
重庆,57520,长寿,29.83,107.07
重庆,57523,丰都,29.85,107.73
重庆,57525,武隆,29.32,107.75
重庆,57536,黔江,29.53,108.78
重庆,57537,彭水,29.3,108.17
重庆,57612,綦江,29.0,106.65
重庆,57633,酉阳,28.82,108.77
重庆,57635,秀山,28.45,108.98
极地,89573,南极中山,-69.37,-76.37
极地,89058,南极长城,-62.22,-58.97
